fusionTranscriptID	fusionGeneID	breakpointPair	strand1	strand2	site1	site2	type	confidence	sampleID	toolID
AC092807.3::DDAH1__1:85496166-1:85358847	AC092807.3::DDAH1	1:85496166-1:85358847	-	-	exon/splice-site	CDS/splice-site	deletion/read-through	medium		Arriba
AC092807.3::DDAH1__1:85577984-1:85358847	AC092807.3::DDAH1	1:85577984-1:85358847	-	-	exon/splice-site	CDS/splice-site	deletion/read-through	low		Arriba
AC092807.3::DDAH1__1:85496166-1:85324883	AC092807.3::DDAH1	1:85496166-1:85324883	-	-	exon/splice-site	CDS/splice-site	deletion/read-through	low		Arriba
AC092807.3::DDAH1__1:85488291-1:85358847	AC092807.3::DDAH1	1:85488291-1:85358847	-	-	exon/splice-site	CDS/splice-site	deletion/read-through	low		Arriba
AC239801.1(30217),GJA8(30219)::GJA5__1:147872576-1:147759271	AC239801.1(30217),GJA8(30219)::GJA5	1:147872576-1:147759271	-	-	intergenic	5'UTR/splice-site	deletion/read-through	medium		Arriba
TMED7::TICAM2__5:115616318-5:115581315	TMED7::TICAM2	5:115616318-5:115581315	-	-	CDS	5'UTR/splice-site	deletion/read-through	medium		Arriba
PCDHGA4::PCDHGA8__5:141357621-5:141494807	PCDHGA4::PCDHGA8	5:141357621-5:141494807	+	+	CDS	CDS/splice-site	deletion/read-through	medium		Arriba
PCDHGA4::PCDHGB6__5:141357621-5:141494807	PCDHGA4::PCDHGB6	5:141357621-5:141494807	+	+	CDS	CDS/splice-site	deletion/read-through	medium		Arriba
PCDHGA4::PCDHGA10__5:141357621-5:141494807	PCDHGA4::PCDHGA10	5:141357621-5:141494807	+	+	CDS	CDS/splice-site	deletion/read-through	medium		Arriba
PCDHGA4::PCDHGA11__5:141357621-5:141494807	PCDHGA4::PCDHGA11	5:141357621-5:141494807	+	+	CDS	CDS/splice-site	deletion/read-through	medium		Arriba
PCDHGA4::PCDHGC4__5:141357621-5:141494807	PCDHGA4::PCDHGC4	5:141357621-5:141494807	+	+	CDS	CDS/splice-site	deletion/read-through	medium		Arriba
PCDHGA4::PCDHGC5__5:141357621-5:141494807	PCDHGA4::PCDHGC5	5:141357621-5:141494807	+	+	CDS	CDS/splice-site	deletion/read-through	medium		Arriba
PCDHGA4::PCDHGC3__5:141357621-5:141494807	PCDHGA4::PCDHGC3	5:141357621-5:141494807	+	+	CDS	CDS/splice-site	deletion/read-through	medium		Arriba
PCDHGA4::PCDHGA12__5:141357621-5:141494807	PCDHGA4::PCDHGA12	5:141357621-5:141494807	+	+	CDS	CDS/splice-site	deletion/read-through	medium		Arriba
PCDHGA4::PCDHGA9__5:141357621-5:141494807	PCDHGA4::PCDHGA9	5:141357621-5:141494807	+	+	CDS	CDS/splice-site	deletion/read-through	medium		Arriba
PCDHGA4::PCDHGB7__5:141357621-5:141494807	PCDHGA4::PCDHGB7	5:141357621-5:141494807	+	+	CDS	CDS/splice-site	deletion/read-through	medium		Arriba
PCDHGB2::PCDHGA8__5:141362556-5:141494807	PCDHGB2::PCDHGA8	5:141362556-5:141494807	+	+	CDS	CDS/splice-site	deletion/read-through	medium		Arriba
PCDHGB2::PCDHGB6__5:141362556-5:141494807	PCDHGB2::PCDHGB6	5:141362556-5:141494807	+	+	CDS	CDS/splice-site	deletion/read-through	medium		Arriba
PCDHGB2::PCDHGA10__5:141362556-5:141494807	PCDHGB2::PCDHGA10	5:141362556-5:141494807	+	+	CDS	CDS/splice-site	deletion/read-through	medium		Arriba
PCDHGB2::PCDHGA11__5:141362556-5:141494807	PCDHGB2::PCDHGA11	5:141362556-5:141494807	+	+	CDS	CDS/splice-site	deletion/read-through	medium		Arriba
PCDHGB2::PCDHGC4__5:141362556-5:141494807	PCDHGB2::PCDHGC4	5:141362556-5:141494807	+	+	CDS	CDS/splice-site	deletion/read-through	medium		Arriba
PCDHGB2::PCDHGC5__5:141362556-5:141494807	PCDHGB2::PCDHGC5	5:141362556-5:141494807	+	+	CDS	CDS/splice-site	deletion/read-through	medium		Arriba
PCDHGB2::PCDHGC3__5:141362556-5:141494807	PCDHGB2::PCDHGC3	5:141362556-5:141494807	+	+	CDS	CDS/splice-site	deletion/read-through	medium		Arriba
PCDHGB2::PCDHGA12__5:141362556-5:141494807	PCDHGB2::PCDHGA12	5:141362556-5:141494807	+	+	CDS	CDS/splice-site	deletion/read-through	medium		Arriba
PCDHGB2::PCDHGA9__5:141362556-5:141494807	PCDHGB2::PCDHGA9	5:141362556-5:141494807	+	+	CDS	CDS/splice-site	deletion/read-through	medium		Arriba
PCDHGB2::PCDHGB7__5:141362556-5:141494807	PCDHGB2::PCDHGB7	5:141362556-5:141494807	+	+	CDS	CDS/splice-site	deletion/read-through	medium		Arriba
PCDHGA5::PCDHGA8__5:141366751-5:141494807	PCDHGA5::PCDHGA8	5:141366751-5:141494807	+	+	CDS	CDS/splice-site	deletion/read-through	medium		Arriba
PCDHGA5::PCDHGB6__5:141366751-5:141494807	PCDHGA5::PCDHGB6	5:141366751-5:141494807	+	+	CDS	CDS/splice-site	deletion/read-through	medium		Arriba
PCDHGA5::PCDHGA10__5:141366751-5:141494807	PCDHGA5::PCDHGA10	5:141366751-5:141494807	+	+	CDS	CDS/splice-site	deletion/read-through	medium		Arriba
PCDHGA5::PCDHGA11__5:141366751-5:141494807	PCDHGA5::PCDHGA11	5:141366751-5:141494807	+	+	CDS	CDS/splice-site	deletion/read-through	medium		Arriba
PCDHGA5::PCDHGC4__5:141366751-5:141494807	PCDHGA5::PCDHGC4	5:141366751-5:141494807	+	+	CDS	CDS/splice-site	deletion/read-through	medium		Arriba
PCDHGA5::PCDHGC5__5:141366751-5:141494807	PCDHGA5::PCDHGC5	5:141366751-5:141494807	+	+	CDS	CDS/splice-site	deletion/read-through	medium		Arriba
PCDHGA5::PCDHGC3__5:141366751-5:141494807	PCDHGA5::PCDHGC3	5:141366751-5:141494807	+	+	CDS	CDS/splice-site	deletion/read-through	medium		Arriba
PCDHGA5::PCDHGA12__5:141366751-5:141494807	PCDHGA5::PCDHGA12	5:141366751-5:141494807	+	+	CDS	CDS/splice-site	deletion/read-through	medium		Arriba
PCDHGA5::PCDHGA9__5:141366751-5:141494807	PCDHGA5::PCDHGA9	5:141366751-5:141494807	+	+	CDS	CDS/splice-site	deletion/read-through	medium		Arriba
PCDHGA5::PCDHGB7__5:141366751-5:141494807	PCDHGA5::PCDHGB7	5:141366751-5:141494807	+	+	CDS	CDS/splice-site	deletion/read-through	medium		Arriba
AC241644.2(27311),AC239801.1(24698)::GJA5__1:147816264-1:147759271	AC241644.2(27311),AC239801.1(24698)::GJA5	1:147816264-1:147759271	-	-	intergenic	5'UTR/splice-site	deletion/read-through	medium		Arriba
PCDHGA2::PCDHGA8__5:141341395-5:141494807	PCDHGA2::PCDHGA8	5:141341395-5:141494807	+	+	CDS	CDS/splice-site	deletion/read-through	medium		Arriba
PCDHGA2::PCDHGB6__5:141341395-5:141494807	PCDHGA2::PCDHGB6	5:141341395-5:141494807	+	+	CDS	CDS/splice-site	deletion/read-through	medium		Arriba
PCDHGA2::PCDHGA10__5:141341395-5:141494807	PCDHGA2::PCDHGA10	5:141341395-5:141494807	+	+	CDS	CDS/splice-site	deletion/read-through	medium		Arriba
PCDHGA2::PCDHGA11__5:141341395-5:141494807	PCDHGA2::PCDHGA11	5:141341395-5:141494807	+	+	CDS	CDS/splice-site	deletion/read-through	medium		Arriba
PCDHGA2::PCDHGC4__5:141341395-5:141494807	PCDHGA2::PCDHGC4	5:141341395-5:141494807	+	+	CDS	CDS/splice-site	deletion/read-through	medium		Arriba
PCDHGA2::PCDHGC5__5:141341395-5:141494807	PCDHGA2::PCDHGC5	5:141341395-5:141494807	+	+	CDS	CDS/splice-site	deletion/read-through	medium		Arriba
PCDHGA2::PCDHGC3__5:141341395-5:141494807	PCDHGA2::PCDHGC3	5:141341395-5:141494807	+	+	CDS	CDS/splice-site	deletion/read-through	medium		Arriba
PCDHGA2::PCDHGA12__5:141341395-5:141494807	PCDHGA2::PCDHGA12	5:141341395-5:141494807	+	+	CDS	CDS/splice-site	deletion/read-through	medium		Arriba
PCDHGA2::PCDHGA9__5:141341395-5:141494807	PCDHGA2::PCDHGA9	5:141341395-5:141494807	+	+	CDS	CDS/splice-site	deletion/read-through	medium		Arriba
PCDHGA2::PCDHGB7__5:141341395-5:141494807	PCDHGA2::PCDHGB7	5:141341395-5:141494807	+	+	CDS	CDS/splice-site	deletion/read-through	medium		Arriba
PCDHGA3::PCDHGA8__5:141346457-5:141494807	PCDHGA3::PCDHGA8	5:141346457-5:141494807	+	+	CDS	CDS/splice-site	deletion/read-through	medium		Arriba
PCDHGA3::PCDHGB6__5:141346457-5:141494807	PCDHGA3::PCDHGB6	5:141346457-5:141494807	+	+	CDS	CDS/splice-site	deletion/read-through	medium		Arriba
PCDHGA3::PCDHGA10__5:141346457-5:141494807	PCDHGA3::PCDHGA10	5:141346457-5:141494807	+	+	CDS	CDS/splice-site	deletion/read-through	medium		Arriba
PCDHGA3::PCDHGA11__5:141346457-5:141494807	PCDHGA3::PCDHGA11	5:141346457-5:141494807	+	+	CDS	CDS/splice-site	deletion/read-through	medium		Arriba
PCDHGA3::PCDHGC4__5:141346457-5:141494807	PCDHGA3::PCDHGC4	5:141346457-5:141494807	+	+	CDS	CDS/splice-site	deletion/read-through	medium		Arriba
PCDHGA3::PCDHGC5__5:141346457-5:141494807	PCDHGA3::PCDHGC5	5:141346457-5:141494807	+	+	CDS	CDS/splice-site	deletion/read-through	medium		Arriba
PCDHGA3::PCDHGC3__5:141346457-5:141494807	PCDHGA3::PCDHGC3	5:141346457-5:141494807	+	+	CDS	CDS/splice-site	deletion/read-through	medium		Arriba
PCDHGA3::PCDHGA12__5:141346457-5:141494807	PCDHGA3::PCDHGA12	5:141346457-5:141494807	+	+	CDS	CDS/splice-site	deletion/read-through	medium		Arriba
PCDHGA3::PCDHGA9__5:141346457-5:141494807	PCDHGA3::PCDHGA9	5:141346457-5:141494807	+	+	CDS	CDS/splice-site	deletion/read-through	medium		Arriba
PCDHGA3::PCDHGB7__5:141346457-5:141494807	PCDHGA3::PCDHGB7	5:141346457-5:141494807	+	+	CDS	CDS/splice-site	deletion/read-through	medium		Arriba
FAM86B2(10868),ENPP7P6(802)::AF228730.5__8:12447211-8:7152774	FAM86B2(10868),ENPP7P6(802)::AF228730.5	8:12447211-8:7152774	+	+	intergenic	exon	duplication	low		Arriba
TVP23C::CDRT4__17:15503098-17:15440285	TVP23C::CDRT4	17:15503098-17:15440285	-	-	CDS	5'UTR/splice-site	deletion/read-through	low		Arriba
TVP23C::CDRT4__17:15545785-17:15440285	TVP23C::CDRT4	17:15545785-17:15440285	-	-	CDS/splice-site	5'UTR/splice-site	deletion/read-through	low		Arriba
RNF103::CHMP3__2:86620330-2:86542312	RNF103::CHMP3	2:86620330-2:86542312	-	-	CDS/splice-site	CDS/splice-site	deletion/read-through	low		Arriba
ARL17A::AC091132.4__17:46517180-17:45545898	ARL17A::AC091132.4	17:46517180-17:45545898	-	+	CDS	exon	inversion	low		Arriba
CRYZL2P::SEC16B__1:178022440-1:177973309	CRYZL2P::SEC16B	1:178022440-1:177973309	-	-	exon/splice-site	intron	deletion/read-through	low		Arriba
RBM14::RBM4__11:66617057-11:66646027	RBM14::RBM4	11:66617057-11:66646027	+	+	CDS/splice-site	CDS/splice-site	deletion/read-through	low		Arriba
RBM14::RBM4__11:66617057-11:66639700	RBM14::RBM4	11:66617057-11:66639700	+	+	CDS/splice-site	5'UTR/splice-site	deletion/read-through	low		Arriba
RBM14::RBM4__11:66617550-11:66639700	RBM14::RBM4	11:66617550-11:66639700	+	+	exon/splice-site	5'UTR/splice-site	deletion/read-through	low		Arriba
KLRC4::KLRK1__12:10407636-12:10388875	KLRC4::KLRK1	12:10407636-12:10388875	-	-	3'UTR	5'UTR/splice-site	deletion/read-through	low		Arriba
ELAC1::SMAD4__18:50974565-18:51047012	ELAC1::SMAD4	18:50974565-18:51047012	+	+	intron	5'UTR	deletion/read-through	low		Arriba
SPINT2::C19orf33__19:38290575-19:38304375	SPINT2::C19orf33	19:38290575-19:38304375	+	+	CDS/splice-site	CDS/splice-site	deletion/read-through	low		Arriba
SPINT2::C19orf33__19:38291982-19:38304375	SPINT2::C19orf33	19:38291982-19:38304375	+	+	CDS	CDS/splice-site	deletion/read-through	low		Arriba
AL512590.2::CCDC180__9:97294991-9:97307736	AL512590.2::CCDC180	9:97294991-9:97307736	+	+	exon/splice-site	5'UTR/splice-site	deletion/read-through	low		Arriba
ZBED4::AL671710.1__22:49889497-22:49904215	ZBED4::AL671710.1	22:49889497-22:49904215	+	+	3'UTR	exon	deletion/read-through	low		Arriba
GGACT::PCCA__13:100583865-13:100330639	GGACT::PCCA	13:100583865-13:100330639	-	+	5'UTR	CDS	inversion	low		Arriba
AL356966.1::PCCA__13:100583865-13:100330639	AL356966.1::PCCA	13:100583865-13:100330639	-	+	exon	CDS	inversion	low		Arriba
PCDHA10::PCDHAC2__5:140858436-5:140978949	PCDHA10::PCDHAC2	5:140858436-5:140978949	+	+	CDS	CDS/splice-site	deletion/read-through	low		Arriba
PCDHA10::PCDHAC1__5:140858436-5:140978949	PCDHA10::PCDHAC1	5:140858436-5:140978949	+	+	CDS	CDS/splice-site	deletion/read-through	low		Arriba
PCDHA10::PCDHA13__5:140858436-5:140978949	PCDHA10::PCDHA13	5:140858436-5:140978949	+	+	CDS	CDS/splice-site	deletion/read-through	low		Arriba
CCDC169::SOHLH2__13:36248647-13:36202017	CCDC169::SOHLH2	13:36248647-13:36202017	-	-	CDS	CDS	deletion/read-through	low		Arriba
AL035420.1::EPB41L1__20:36080257-20:36097004	AL035420.1::EPB41L1	20:36080257-20:36097004	+	+	intron	intron	deletion/read-through	low		Arriba
CECR7::IL17RA__22:17047401-22:17097834	CECR7::IL17RA	22:17047401-22:17097834	+	+	exon	CDS	deletion/read-through	low		Arriba
AC090114.3::BET1L__7:128615970-11:168981	AC090114.3::BET1L	7:128615970-11:168981	+	-	exon	CDS	translocation	low		Arriba
STX16::NPEPL1__20:58673703-20:58691118	STX16::NPEPL1	20:58673703-20:58691118	+	+	CDS	intron	deletion/read-through	low		Arriba
FAHD1::AC032044.1__16:1828001-17:1425369	FAHD1::AC032044.1	16:1828001-17:1425369	+	-	3'UTR	intron	translocation/5'-5'	low		Arriba
ZNF559::ZNF177__19:9341184-19:9376316	ZNF559::ZNF177	19:9341184-19:9376316	+	+	CDS/splice-site	5'UTR/splice-site	deletion/read-through	low		Arriba
ZNF559::ZNF177__19:9324780-19:9371610	ZNF559::ZNF177	19:9324780-19:9371610	+	+	CDS/splice-site	5'UTR/splice-site	deletion/read-through	low		Arriba
FAHD1::CRK__16:1828001-17:1425369	FAHD1::CRK	16:1828001-17:1425369	+	-	3'UTR	intron	translocation	low		Arriba
SMDT1::NDUFA6-DT__22:42080114-22:42124047	SMDT1::NDUFA6-DT	22:42080114-22:42124047	+	+	intron	exon/splice-site	deletion/read-through	low		Arriba
SMDT1::NDUFA6-DT__22:42082065-22:42091297	SMDT1::NDUFA6-DT	22:42082065-22:42091297	+	+	3'UTR/splice-site	exon/splice-site	deletion/read-through	low		Arriba
DNAAF4::CCPG1__15:55432497-15:55389433	DNAAF4::CCPG1	15:55432497-15:55389433	-	-	CDS/splice-site	5'UTR/splice-site	deletion/read-through	low		Arriba
ZNF117::VN1R42P(5894),MTDHP1(2633)__7:64981387-7:64939510	ZNF117::VN1R42P(5894),MTDHP1(2633)	7:64981387-7:64939510	-	-	CDS/splice-site	intergenic	deletion/read-through	low		Arriba
AC104123.1::CAST__5:96431303-5:96675562	AC104123.1::CAST	5:96431303-5:96675562	+	+	intron	CDS	deletion/read-through	low		Arriba
LINC02018::AC068587.4__3:75443536-8:12444863	LINC02018::AC068587.4	3:75443536-8:12444863	+	+	exon	intergenic	translocation/5'-5'	low		Arriba
AL669831.1::AP006222.1__1:703762-1:289284	AL669831.1::AP006222.1	1:703762-1:289284	-	-	intergenic	exon	deletion	low		Arriba
AL669831.1::AP006222.1__1:766329-1:268816	AL669831.1::AP006222.1	1:766329-1:268816	-	-	exon/splice-site	exon/splice-site	deletion	low		Arriba
TECR::DUS1L(12216),FASN(235)__19:14562566-17:82078103	TECR::DUS1L(12216),FASN(235)	19:14562566-17:82078103	+	+	CDS	intergenic	translocation	low		Arriba
ARHGEF35-AS1::ARHGEF5__7:144254662-7:144355340	ARHGEF35-AS1::ARHGEF5	7:144254662-7:144355340	+	+	exon	5'UTR	deletion/read-through	low		Arriba
LRRN2::AC018647.2__1:204657971-7:35698991	LRRN2::AC018647.2	1:204657971-7:35698991	.	.	intron	exon	translocation	low		Arriba
SIDT2::TAGLN__11:117195915-11:117203002	SIDT2::TAGLN	11:117195915-11:117203002	+	+	CDS(truncated)	UTR	.	.		FusionCatcher
AZGP1::GJC3__7:99971746-7:99923603	AZGP1::GJC3	7:99971746-7:99923603	-	-	in-frame	.	.	.		FusionCatcher
SMG1::NPIPB5__16:18858211-16:22513522	SMG1::NPIPB5	16:18858211-16:22513522	-	+	CDS(truncated)	UTR	.	.		FusionCatcher
SMG1::NPIPB5__16:18858170-16:22513522	SMG1::NPIPB5	16:18858170-16:22513522	-	+	CDS(truncated)	UTR	.	.		FusionCatcher
SMG1::NPIPB5__16:18858211-16:22507337	SMG1::NPIPB5	16:18858211-16:22507337	-	+	CDS(truncated)	UTR	.	.		FusionCatcher
COL8A1::AMER2__3:99797280-13:25164115	COL8A1::AMER2	3:99797280-13:25164115	+	-	UTR	UTR	.	.		FusionCatcher
CTBS::GNG5__1:84563257-1:84501970	CTBS::GNG5	1:84563257-1:84501970	-	-	in-frame	.	.	.		FusionCatcher
NSF::LRRC37A3__17:46704854-17:64898459	NSF::LRRC37A3	17:46704854-17:64898459	+	-	CDS(truncated)	UTR	.	.		FusionCatcher
NSF::LRRC37A3__17:46704854-17:64892600	NSF::LRRC37A3	17:46704854-17:64892600	+	-	in-frame	.	.	.		FusionCatcher
CSF2RA::IL3RA__X:1305527-X:1322465	CSF2RA::IL3RA	X:1305527-X:1322465	+	+	CDS(truncated)	intergenic	.	.		FusionCatcher
NPEPPS::TBC1D3__17:47592545-17:38191030	NPEPPS::TBC1D3	17:47592545-17:38191030	+	-	CDS(complete)	UTR	.	.		FusionCatcher
C6ORF47::BAG6__6:31660321-6:31651776	C6ORF47::BAG6	6:31660321-6:31651776	-	-	UTR	UTR	.	.		FusionCatcher
MYMX::SLC29A1__6:44216968-6:44227263	MYMX::SLC29A1	6:44216968-6:44227263	+	+	UTR	UTR	.	.		FusionCatcher
COQ8B::NUMBL__19:40692951-19:40686995	COQ8B::NUMBL	19:40692951-19:40686995	-	-	in-frame	.	.	.		FusionCatcher
DCAF16::CCND3__4:17801954-6:42038390	DCAF16::CCND3	4:17801954-6:42038390	-	-	UTR	intronic	.	.		FusionCatcher
PRKAA1::TTC33__5:40764514-5:40747019	PRKAA1::TTC33	5:40764514-5:40747019	-	-	CDS(truncated)	UTR	.	.		FusionCatcher
ASPA::AC087392.3__17:3500509-17:765030	ASPA::AC087392.3	17:3500509-17:765030	+	-	UTR	exonic(no-known-CDS)	.	.		FusionCatcher
PBXIP1::PMVK__1:154945572-1:154932415	PBXIP1::PMVK	1:154945572-1:154932415	-	-	in-frame	.	.	.		FusionCatcher
SLC29A1::HSP90AB1__6:44232428-6:44248630	SLC29A1::HSP90AB1	6:44232428-6:44248630	+	+	in-frame	.	.	.		FusionCatcher
SLC49A3::ATP5ME__4:686532-4:673401	SLC49A3::ATP5ME	4:686532-4:673401	-	-	out-of-frame	.	.	.		FusionCatcher
DTYMK::GNB1__2:241681919-1:1839238	DTYMK::GNB1	2:241681919-1:1839238	-	-	UTR	UTR	.	.		FusionCatcher
NFU1::AC096669.1__2:69400364-2:107405987	NFU1::AC096669.1	2:69400364-2:107405987	-	+	CDS(truncated)	exonic(no-known-CDS)	.	.		FusionCatcher
PLAAT3::BNIP2__11:63598061-15:59665442	PLAAT3::BNIP2	11:63598061-15:59665442	-	-	CDS(truncated)	UTR	.	.		FusionCatcher
PLIN1::KIF7__15:89666936-15:89652954	PLIN1::KIF7	15:89666936-15:89652954	-	-	CDS(truncated)	UTR	.	.		FusionCatcher
SMPD4::AC007529.2__2:130159513-12:16661766	SMPD4::AC007529.2	2:130159513-12:16661766	-	+	UTR	exonic(no-known-CDS)	.	.		FusionCatcher
UBA2::WTIP__19:34467014-19:34490376	UBA2::WTIP	19:34467014-19:34490376	+	+	in-frame	.	.	.		FusionCatcher
