#gene1	gene2	strand1(gene/fusion)	strand2(gene/fusion)	breakpoint1	breakpoint2	site1	site2	type	split_reads1	split_reads2	discordant_mates	coverage1	coverage2	confidence	reading_frame	tags	retained_protein_domains	closest_genomic_breakpoint1	closest_genomic_breakpoint2	gene_id1	gene_id2	transcript_id1	transcript_id2	direction1	direction2	filters	fusion_transcript	peptide_sequence	read_identifiers
PPP1R9A	AC002074.1	+/+	-/+	chr7:94911508	chr7:94388466	CDS/splice-site	intron	duplication/5'-5'	2	0	8	14	13	high	out-of-frame	.	PDZ_domain(100%)|	.	.	ENSG00000158528.12	ENSG00000285090.1	ENST00000433360.6	.	downstream	upstream	duplicates(3)	TCCAGGTATAATTCAGACTGGGGAGAGACAGGCACTGAGCAGGATGAGGAGGAAGATAGTGATGAGAACAGTTACTATCAGCCTGATATGGAGTACTCGGAAATTGTTGGATTGCCAGAAGAAGAAGAAATCCCAGCAAATAGGAAAATTAAGTTTAGTAGTGCTCCTATTAAG|CTACTTGAAAAGAATTcAAAAATATGAGTCTGGAAGCCAAGCCAACCAAAGTTCTAATAAACCAGGTGGACTTTTGGAATGCATCAACATTCTGGTGTTTTTCAACTTAAG...GGATTTGGAACTGGCTGCAGAAATGTAATCAGCATCTTCTCAAAGAAAAA...AACTGAAAGTTGAAATTTGTGTGCCCAAATACATCaCTCTGAATTATGGG	SRYNSDWGETGTEQDEEEDSDENSYYQPDMEYSEIVGLPEEEEIPANRKIKFSSAPIK|lleknski*	A00489:250:HLW5JDMXX:1:2373:10800:22451,A00489:250:HLW5JDMXX:1:2386:17987:7592,A00489:250:HLW5JDMXX:1:1144:24071:32127,A00489:250:HLW5JDMXX:1:1249:6388:28870,A00489:250:HLW5JDMXX:1:1452:17725:20478,A00489:250:HLW5JDMXX:1:1457:23954:31015,A00489:250:HLW5JDMXX:1:2275:15691:14043,A00489:250:HLW5JDMXX:1:2321:21287:25927,A00489:250:HLW5JDMXX:1:2321:21721:27085,A00489:250:HLW5JDMXX:1:2375:28574:24486,A00489:250:HLW5JDMXX:1:2411:12870:19836,A00489:250:HLW5JDMXX:1:2457:21350:21433,A00489:250:HLW5JDMXX:1:2461:21441:28197
TRAPPC8	AC009831.2(3519),AC009831.4(11835)	-/-	./-	chr18:31916272	chr18:31971064	CDS/splice-site	intergenic	duplication	3	0	6	18	7	high	out-of-frame	.	ER-Golgi_trafficking_TRAPP_I_complex_85_kDa_subunit(100%)|	.	.	ENSG00000153339.15	.	ENST00000283351.10	.	upstream	downstream	duplicates(2)	GAATTTCTGAACCACTATTTAGCAT___GTATGTTGGTAGCGTCATCTAGTG...GTGGAACAGTTTTCAAAGTTGTCACAAGAACAGCATCGAATTCAGCACAACAGTGATTATTCCTACCCCAAGTGGTTTATACCAAATACACTTAAATACTATGTACTTTTACATGATGTAAGTGCAGGAGATGAACAGAG|ATTGAGTTCAACCTGTCCTGCAATTTTCTGGAAGAAAACCTGCTATCAGTTTTCAGAGAATCATCCTGGGAAGTGCTCTCTGACTTTCAGAAGGAGGATGGAAATCATATCCTATGTATATCGCATCCAGTGGATGGG...AGAAAGTATTACTCACGGATGCACTGCTCTGAGTGAGGGATGAGTGTGAG	VEQFSKLSQEQHRIQHNSDYSYPKWFIPNTLKYYVLLHDVSAGDEQr|lsstcpaifwkktcyqfsenhpgkcsltfrrrmeiisyvyriqwm	A00489:250:HLW5JDMXX:1:1156:23086:30671,A00489:250:HLW5JDMXX:1:1379:18267:35383,A00489:250:HLW5JDMXX:1:2172:8585:15828,A00489:250:HLW5JDMXX:1:1333:1154:6183,A00489:250:HLW5JDMXX:1:1333:1172:6089,A00489:250:HLW5JDMXX:1:2109:13575:3458,A00489:250:HLW5JDMXX:1:2173:22752:27367,A00489:250:HLW5JDMXX:1:2268:4182:23484,A00489:250:HLW5JDMXX:1:2353:9227:20102,A00489:250:HLW5JDMXX:1:2355:21757:12994,A00489:250:HLW5JDMXX:1:2368:25572:32283
PLCB4	PLCB1	+/+	+/+	chr20:9338067	chr20:8854683	CDS/splice-site	intron	duplication	0	1	5	3	2	high	out-of-frame	.	PH_domain(100%)|PLC-beta_C_terminal(100%)	.	.	ENSG00000101333.18	ENSG00000182621.18	ENST00000378473.9	.	downstream	upstream	duplicates(1)	AGGCAAG___GAAGGACAGGTGCTAGAATGCTCCCTCATCAACAGTATTCGGTCGGGAGCCATACCAAAG|TAAGAATTCAAAAGGAAAACTGAAAAGCGAGGAAGAGCCCACAGCTGGAGCAGTC	GKEGQVLECSLINSIRSGAIPK|*	A00489:250:HLW5JDMXX:1:2443:18701:16063,A00489:250:HLW5JDMXX:1:1117:1136:24471,A00489:250:HLW5JDMXX:1:1131:32741:21840,A00489:250:HLW5JDMXX:1:1131:32913:22764,A00489:250:HLW5JDMXX:1:1355:6912:11490,A00489:250:HLW5JDMXX:1:2210:2085:31313,A00489:250:HLW5JDMXX:1:2321:4065:28134
PLCB4	PLCB1	+/+	+/+	chr20:9096342	chr20:8628294	5'UTR/splice-site	CDS/splice-site	duplication	1	0	3	12	12	high	.	.	|C2_domain(100%),PH_domain(98%),PLC-beta_C_terminal(100%),Phosphatidylinositol-specific_phospholipase_C__X_domain(100%),Phosphatidylinositol-specific_phospholipase_C__Y_domain(100%),Phosphoinositide-specific_phospholipase_C__efhand-like(100%),Protein_of_unknown_function_(DUF1154)(100%)	.	.	ENSG00000101333.18	ENSG00000182621.18	ENST00000407043.6	ENST00000378641.7	downstream	upstream	duplicates(5),multimappers(1)	CCCGTGGGCTCGCTGGGGAGCCACGGCGGAGACCCCCGCCCTCAACTG...CAGGAAAAGACgATTTCTCTCTGATTCAGAATCCTGAAAATGTGATCTCCCTTAAAAAG|GACCCCAAATTACGTGAACTTTTGGATGTGGGGAACATCGGGCGCCTGGAGCAGCGCATGATCACAGTGGTGTATGGGCCTGACCTCGTGAACATCTCCCATTTGAATCTCGTGGCTTTCCAAGAAGAAGTGGCCAAG___GAATGG	.	A00489:250:HLW5JDMXX:1:1130:8730:31015,A00489:250:HLW5JDMXX:1:1272:15899:33849,A00489:250:HLW5JDMXX:1:1408:21739:6167,A00489:250:HLW5JDMXX:1:2215:27868:12305,A00489:250:HLW5JDMXX:1:2224:27362:31563,A00489:250:HLW5JDMXX:1:2224:27362:31563,A00489:250:HLW5JDMXX:1:2226:23900:27571,A00489:250:HLW5JDMXX:1:2226:23900:27571,A00489:250:HLW5JDMXX:1:2240:13395:31140,A00489:250:HLW5JDMXX:1:2240:13395:31140
COMMD10	AC094104.1(35577),TRIM36(710)	+/+	./+	chr5:116134178	chr5:115124052	CDS/splice-site	intergenic	duplication	0	1	3	52	6	high	out-of-frame	.	COMM_domain(100%)|	.	.	ENSG00000145781.9	.	ENST00000274458.9	.	downstream	upstream	low_entropy(1)	CTCTGCTCAAGCAAAACTAAAATCTCCTCAAGCTGTGTTACAACTCGGAGTGAACAATGAAGATTCAAAG|GAGAGCAGAAGAAAAACTTATGG...TAATCAAGTGTCGTTGATTCTCTAAAATTTCTCCTCAAAGATGCCTGGCAAAGTATCTCCAAG...GATTTGTTGCACAAAGGGAAAAATAAAATCTAGAATTGCTTAGACGGTAG...ATTTACAGTATTTTATAAAACTGGGCTATATTAAGTACAGTGTTACAAGG	SAQAKLKSPQAVLQLGVNNEDSK|esrrkty	A00489:250:HLW5JDMXX:1:1288:5620:22717,A00489:250:HLW5JDMXX:1:2335:16749:34914,A00489:250:HLW5JDMXX:1:1139:31006:9345,A00489:250:HLW5JDMXX:1:1238:28230:1000,A00489:250:HLW5JDMXX:1:2203:10664:33959
ARHGAP42	CNTN5	+/+	+/+	chr11:100859625	chr11:100340463	CDS/splice-site	CDS/splice-site	duplication	1	0	2	4	7	high	in-frame	.	BAR_domain_of_APPL_family(100%)|Fibronectin_type_III_domain(100%)	.	.	ENSG00000165895.19	ENSG00000149972.11	ENST00000298815.13	ENST00000524871.6	downstream	upstream	duplicates(1)	TGCAAGATTTCCAGTTTGAATGTATTGGTGATGCTGAAACAGATGATGA...CGAAGACTG___ATCCAAAACGCTAACGATGTATTAATTGCACCACTTGAGAAATTTCGAAAAGAACAGATAGGTGCAGCAAAA|GTTGGTTACTGGAAAGACATGGAACAGGAAGATACAGCAGAAACAGTCAAAACTAGAGGGAATGAGTCTTTCGTCATCCTAACAGGATTAGAAGGAAATACGT	RRLIQNANDVLIAPLEKFRKEQIGAAK|VGYWKDMEQEDTAETVKTRGNESFVILTGLEGNT	A00489:250:HLW5JDMXX:1:1173:9561:30890,A00489:250:HLW5JDMXX:1:1402:22064:4852,A00489:250:HLW5JDMXX:1:1429:27398:20353,A00489:250:HLW5JDMXX:1:2116:20482:8375
UHRF1	KRT18P28(7863),RNU6-41P(13944)	+/+	./+	chr19:4911038	chr1:182968268	CDS/splice-site	intergenic	translocation	0	1	2	30	3	high	out-of-frame	.	Ubiquitin_family(100%)|	.	.	ENSG00000276043.5	.	ENST00000612630.4	.	downstream	upstream	duplicates(1)	AGCTGTTCCACGTGGAGCCAGGCCTGCAGAGGCTGTTCTACAGGGGCAAACAG|GTTTGGAAGGCTCGCCACATGAAGGAATTACTGCTGGATGAGAGATGCTGGAGCTTTGGACTGACCAGGGACTCTGGCCAGACCTAGGCTGGCCCAGGGACTTAAGGCCCAAGGGAACATAAATGAACAAGTGCTGTTCAAGGGAG	LFHVEPGLQRLFYRGKQ|vwkarhmkellldercwsfgltrdsgqt*	A00489:250:HLW5JDMXX:1:2487:9805:23046,A00489:250:HLW5JDMXX:1:1118:27299:11068,A00489:250:HLW5JDMXX:1:1336:2501:26115,A00489:250:HLW5JDMXX:1:1455:7934:33458
COMMD10	TRIM36	+/+	-/+	chr5:116134178	chr5:115159656	CDS/splice-site	CDS	duplication/5'-5'	1	0	2	52	0	high	out-of-frame	.	COMM_domain(100%)|	.	.	ENSG00000145781.9	ENSG00000152503.10	ENST00000274458.9	.	downstream	upstream	.	CTGTAAG___CTAGAGACCGTTGGATGGCAGCTTAACCTTCAGATGGCTCACTCTGCTCAAGCAAAACTAAAATCTCC...AATGAAGATTCAAAG|ATCTCCGTTGTGATGCTGTGAACAATGAACAGAAA...TAGAATTTAATTTCAAAGAGAAGATTCACAACTTGTTAACAAAAGAGAAAGCGGTAACTGTGTCCTGAAAAT	NEDSK|isvvml*	A00489:250:HLW5JDMXX:1:2275:1488:1376,A00489:250:HLW5JDMXX:1:1223:21088:20071,A00489:250:HLW5JDMXX:1:2139:3929:24267
SPPL3	HNF1A-AS1	-/-	-/-	chr12:120810809	chr12:120941942	CDS/splice-site	exon/splice-site	duplication	2	0	1	6	7	high	out-of-frame	.	.	.	.	ENSG00000157837.16	ENSG00000241388.5	ENST00000353487.7	ENST00000619441.1	upstream	downstream	duplicates(3)	CAGACCTACTCGTG___GGCCTATTCCCTGGTGGATTCCAGTCAAGTGTCTACATTTCTGATTTCCAT...TATAGTCTATGGTAGTTTCAG|GATGAGGGCAAAAGAGTTTAAGATGGTGGAGCCTTATTATGCAAAGGAACCCAATCCCAGC	IVYGSFr|mrakefkmvepyyakepnp	A00489:250:HLW5JDMXX:1:2113:29821:29496,A00489:250:HLW5JDMXX:1:2367:22390:6480,A00489:250:HLW5JDMXX:1:2367:24153:5963,A00489:250:HLW5JDMXX:1:1173:20636:5134,A00489:250:HLW5JDMXX:1:2173:18982:12132,A00489:250:HLW5JDMXX:1:2176:20464:15796
UBN2	DGKI	+/+	-/+	chr7:139261741	chr7:137386258	CDS/splice-site	3'UTR	duplication/5'-5'	0	1	1	55	2	high	out-of-frame	.	HPC2_and_ubinuclein_domain(100%),Ubinuclein_conserved_middle_domain(100%)|	.	.	ENSG00000157741.15	ENSG00000157680.16	ENST00000473989.8	.	downstream	upstream	.	CACTTCTCAGGTTATGCCCAAAGTGGTACCTACACTCCCAGAGGGTCTAC...GTATCGAAGACCTTCGTGTA|GTTTCTCATTAAGCTGTGAGGAGACAGTGTAAAACCAAAGATGGCCCTCAGCAGTGTAAAATCTATAACCTAG...AGCAGCAGCCGTGATTGTGTACCCTCATGGGACTAAGACAGATATTTGCT	IEDLRV|vsh*	A00489:250:HLW5JDMXX:1:2357:16966:29058,A00489:250:HLW5JDMXX:1:1263:19940:15139
VPS53	SMG6	-/-	-/-	chr17:697418	chr17:2068931	CDS/splice-site	CDS/splice-site	duplication	1	0	1	7	1	high	in-frame	.	Vps53-like__N-terminal_(100%)|PIN_domain(100%)	.	.	ENSG00000141252.21	ENSG00000070366.14	ENST00000437048.7	ENST00000263073.11	upstream	downstream	.	ACAAAATTAGGCTGAAAATAAG___GAGACTGGATGACAATATTCGAACTGTT...GGCAGGATGGACGGCAA|GCTGTCCTGGAGGACCACAGTCAGATGAGGCAGATGGAGCTCGAAATCAGACCTTTGTTCCTCGTACCAG	QDGRQ|AVLEDHSQMRQMELEIRPLFLVP	A00489:250:HLW5JDMXX:1:2441:12319:26490,A00489:250:HLW5JDMXX:1:2213:4119:29575
SPIN1	IGF2BP1	+/+	+/+	chr9:88426591	chr17:49043967	CDS/splice-site	CDS/splice-site	translocation	1	0	1	10	5	high	out-of-frame	.	|KH_domain(100%)	.	.	ENSG00000106723.17	ENSG00000159217.10	ENST00000375859.4	ENST00000290341.8	downstream	upstream	duplicates(1)	AGAACACTAACATTCTGTGAAAAGTTTCAAATTGGAGAATATTGAATTTTCACCCTAGTC...CGGTCCAGAGCTGATGCAG|CAGGCTCCCGAGCAGGAGATGGTGCAGGTGTTTATCCCCGCCCAGGCAGgGG	RSRADA|agsragdgagvyprpgr	A00489:250:HLW5JDMXX:1:1411:27453:36573,A00489:250:HLW5JDMXX:1:2214:23104:22936,A00489:250:HLW5JDMXX:1:1173:24496:13636
NADSYN1	DLG2	+/+	-/+	chr11:71464142	chr11:85017832	CDS/splice-site	intron	deletion/5'-5'	0	1	1	19	1	high	out-of-frame	.	Carbon-nitrogen_hydrolase(100%)|	.	.	ENSG00000172890.13	ENSG00000150672.18	ENST00000319023.7	.	downstream	upstream	duplicates(1)	GCTACAACTGCAGAGTGATATTCCTCAACAG___GAAGATCCTGCTCATC...CGAGCTGCGCTGGTTCACCCCGTGGTCGAGGAGTCG|GGTCATCACCGTC...TTCTCAGTTATCTCTTAAAGTGAAGAAAAAACCACATAAGGAACACGGGG	ELRWFTPWSRSr|vit	A00489:250:HLW5JDMXX:1:2174:16929:16094,A00489:250:HLW5JDMXX:1:2366:9245:34757,A00489:250:HLW5JDMXX:1:2127:22137:25895
LRRC8D	PKN2-AS1	+/+	-/+	chr1:89843782	chr1:88419117	5'UTR/splice-site	intron	duplication/5'-5'	1	0	1	18	2	high	.	.	.	.	.	ENSG00000171492.14	ENSG00000237505.8	ENST00000337338.9	.	downstream	upstream	.	CGTGGTTCCAGCCTCCGGAGCTCGCCCAAGCCGCGTCCCCAGAGAGCGCCCTGAGAGAACAGGGTGGCCGCTTGGTCCAG|ATGAATAAAGAAAATGTGAC...ACTGTTCAGCCATGAGCAAGAATGACAGTCATTTGCAACAACATGGATG	.	A00489:250:HLW5JDMXX:1:1376:29342:34178,A00489:250:HLW5JDMXX:1:1354:14073:22576
BRWD1	AP001610.2	-/-	-/-	chr21:39269899	chr21:41442746	CDS/splice-site	exon/splice-site	duplication	1	0	1	15	3	high	out-of-frame	.	WD_domain__G-beta_repeat(100%)|	.	.	ENSG00000185658.14	ENSG00000228318.3	ENST00000333229.6	ENST00000411427.3	upstream	downstream	.	CCTTTGATTCCAGAATTATGTTATCTGCAGGACATGATGGCAGCATATTT...CATTATTTTAATATG|ACCACATTGCTTTCTGCATCCATCCATCAATGGACACTGAATCATCTCATCTTCTGGCAATTGTGAATGTGCA	HYFNM|ttllsasihqwtlnhlifwql*	A00489:250:HLW5JDMXX:1:1173:11505:18599,A00489:250:HLW5JDMXX:1:2420:8024:28040
MGAM2	SLC37A3	+/+	-/+	chr7:142188267	chr7:140333950	intron	3'UTR	duplication/5'-5'	1	2	18	23	97	medium	.	.	Galactose_mutarotase-like(100%),Glycosyl_hydrolases_family_31_(100%),N-terminal_barrel_of_NtMGAM_and_CtMGAM__maltase-glucoamylase(100%),Trefoil_(P-type)_domain(100%)|	.	.	ENSG00000257743.8	ENSG00000157800.18	.	.	downstream	upstream	duplicates(2),low_entropy(2)	ACACACACACGTGGAGAGATGTTCTTTTGATTAAAGAATTAAAACCTAGTTTCTGAAGTCTCTCTGCCCATGTAAACAGACATTTGATGAAGGATACTTTTTGGTCATTCTGTGGTACAAACAAAA|TTGCACATTCTCCTCCTAGTTTGCTT...ATAATTTAAAATATGTATATACAGAATGATCTTAAAATATTGATAACTAGTATGGAATTCACAGCCCTGAAGATATATATACTCTACATTTTTCTAAAGAACGGACACCCCTCAGGCCCTAGTAATCCATTCATGTGATTCAATGTCATGTACAGAC	.	A00489:250:HLW5JDMXX:1:1322:5593:12618,A00489:250:HLW5JDMXX:1:1401:26558:22091,A00489:250:HLW5JDMXX:1:1405:14624:4147,A00489:250:HLW5JDMXX:1:2132:29197:21339,A00489:250:HLW5JDMXX:1:2428:9073:3082,A00489:250:HLW5JDMXX:1:1251:2790:6605,A00489:250:HLW5JDMXX:1:1251:3631:6496,A00489:250:HLW5JDMXX:1:1123:5990:34945,A00489:250:HLW5JDMXX:1:1127:25247:9768,A00489:250:HLW5JDMXX:1:1172:32045:25958,A00489:250:HLW5JDMXX:1:1209:31385:7122,A00489:250:HLW5JDMXX:1:1273:18728:14826,A00489:250:HLW5JDMXX:1:1273:22507:34773,A00489:250:HLW5JDMXX:1:1277:11315:27946,A00489:250:HLW5JDMXX:1:1287:17363:14403,A00489:250:HLW5JDMXX:1:1355:17544:20478,A00489:250:HLW5JDMXX:1:1385:11342:13369,A00489:250:HLW5JDMXX:1:1479:24017:3568,A00489:250:HLW5JDMXX:1:2108:26024:11240,A00489:250:HLW5JDMXX:1:2151:10782:23672,A00489:250:HLW5JDMXX:1:2202:6732:16094,A00489:250:HLW5JDMXX:1:2253:15745:12226,A00489:250:HLW5JDMXX:1:2355:30255:7607,A00489:250:HLW5JDMXX:1:2470:20347:30780,A00489:250:HLW5JDMXX:1:2482:23556:32925
FAM111A-DT	NAALAD2	-/+	+/+	chr11:59130367	chr11:90144798	intron	intron	deletion/3'-3'	1	0	9	23	5	medium	.	.	|PA_domain(100%),Peptidase_family_M28(100%),Transferrin_receptor-like_dimerisation_domain(100%)	.	.	ENSG00000245571.7	ENSG00000077616.11	.	.	downstream	upstream	duplicates(4)	GTGTAACCAGGCTTGTGATGGGAGGAGCTGCCACTAAGTTCTCTGACATGCCCTGGAGACATTTTCCCCATTGTCTTGGCAATTAAGATTTGGCTTCTCGTTACTTATGCAAATTTCTG|GTGCTGAAGATATAAGCGAATAGTTGATTGCAGAGCTAAAGGGTTAATGAACACAGCAGAAGAGTTTAGAAGGCAAAGGAGGGCTTGAAGAGTGG	.	A00489:250:HLW5JDMXX:1:2173:28185:12226,A00489:250:HLW5JDMXX:1:1114:14977:24799,A00489:250:HLW5JDMXX:1:1169:1479:28855,A00489:250:HLW5JDMXX:1:1173:27642:22028,A00489:250:HLW5JDMXX:1:1203:7057:34632,A00489:250:HLW5JDMXX:1:1264:13521:36746,A00489:250:HLW5JDMXX:1:1368:11903:12900,A00489:250:HLW5JDMXX:1:1481:5855:37059,A00489:250:HLW5JDMXX:1:2131:29035:25222,A00489:250:HLW5JDMXX:1:2174:10592:27320,A00489:250:HLW5JDMXX:1:2203:4869:29904,A00489:250:HLW5JDMXX:1:2260:15917:1251,A00489:250:HLW5JDMXX:1:2328:4327:2409,A00489:250:HLW5JDMXX:1:2483:4227:6496
PLCH1-AS1(11407),PLCH1(10721)	LINC02830	./+	-/-	chr3:155469160	chr7:125153612	intergenic	intergenic	translocation	3	0	4	1	39	medium	.	.	.	.	.	.	ENSG00000224899.1	.	ENST00000454957.1	downstream	downstream	duplicates(2),mismappers(2),mismatches(1)	GCCAAGATGGCCGAATAGGAACAGCTCCGGTCTACAGCTCCCAACGTGAGCG...ACGGGTGATTTCTGCATTTCCATCTGAG|GGAACAAGAATACTTGGACACAATTCAAAGAACACCATCAGATACCTGAGGTCTAGCTTCTGGTCCCAAATCTGTCATTCAGAAGTGTGTAACTTGACAATTTGTTGAATCTCACTG	.	A00489:250:HLW5JDMXX:1:2107:7202:29403,A00489:250:HLW5JDMXX:1:2173:32136:24799,A00489:250:HLW5JDMXX:1:2319:16333:5353,A00489:250:HLW5JDMXX:1:2472:27995:34162,A00489:250:HLW5JDMXX:1:1107:19397:26349,A00489:250:HLW5JDMXX:1:1443:24135:18646,A00489:250:HLW5JDMXX:1:1447:10963:25833,A00489:250:HLW5JDMXX:1:1473:2510:11443,A00489:250:HLW5JDMXX:1:1473:2528:11412,A00489:250:HLW5JDMXX:1:2218:21630:32158,A00489:250:HLW5JDMXX:1:2261:8603:34209,A00489:250:HLW5JDMXX:1:2468:32090:16110
EHF	EIF3M	+/+	+/+	chr11:34658998	chr11:32600689	3'UTR	CDS/splice-site	duplication	1	3	2	96	846	medium	stop-codon	.	Ets-domain(100%),Sterile_alpha_motif_(SAM)/Pointed_domain(100%)|PCI_domain(100%),eIF3_subunit_M__C-terminal_helix(100%)	.	.	ENSG00000135373.13	ENSG00000149100.13	ENST00000257831.8	ENST00000531120.6	downstream	upstream	duplicates(1)	ATTTGGGAAGAATGCCCGAGGATGGAGAGAAAATGAAAACTGAAGCTGCCAATACTTTGGACACAAACCAAAACACACACCAAATAATCAGAAACAAAGAACTCCTGGAC|GCCTGTTACATGAACAGAATATGGCAAAAATGAGACTACTTACTTTTATGGGAATGGCAGTAGAAAATAAGGAAATTTCTTTTGACACAATGCAGCAAGAACTTCAGATTGGAGCTGATGATGTTGAAGCATTTGTTATTGAC	.	A00489:250:HLW5JDMXX:1:1322:12084:28620,A00489:250:HLW5JDMXX:1:2276:3034:14575,A00489:250:HLW5JDMXX:1:2304:3061:28588,A00489:250:HLW5JDMXX:1:2369:29306:34428,A00489:250:HLW5JDMXX:1:1370:8205:25128,A00489:250:HLW5JDMXX:1:2217:13259:13056,A00489:250:HLW5JDMXX:1:2217:13376:11819
ETV6	ETV6(47561),BCL2L14(106906)	+/-	./-	chr12:11890918	chr12:11942938	intron	intergenic	duplication	1	0	4	20	3	medium	.	.	.	.	.	ENSG00000139083.11	.	.	.	upstream	downstream	duplicates(1)	AATGAACGTCCTAGGGGCTGCATTTAG___CTCCTGGGACTCTAGGTGCTCCAGACGGTCTGTTCGGCCACTCATGATTTCATCTGGGGTTTTCATAAACCTTTGGAAGAAGAAGTGGAGGAG|AGAATTCCGTCAGTCCTGTGATTTGCCTATTGCATTACATGGTGGATAATTTCTCTTCCAAACTCTCTCCTGTCTGTTCAGCACGCTCAGGC	.	A00489:250:HLW5JDMXX:1:2334:3595:7842,A00489:250:HLW5JDMXX:1:1226:17879:24596,A00489:250:HLW5JDMXX:1:1308:30987:30358,A00489:250:HLW5JDMXX:1:1308:31910:32800,A00489:250:HLW5JDMXX:1:1486:10167:2440,A00489:250:HLW5JDMXX:1:2422:28971:13495
ETV6(23349),BCL2L14(131118)	ETV6	./-	+/-	chr12:11918726	chr12:11891597	intergenic	CDS	deletion/read-through	0	5	8	32	50	low	.	.	.	.	.	.	ENSG00000139083.11	.	.	upstream	downstream	duplicates(1)	GTGAAGGATCAAAGCCCTCTCATGAGTATTGCAACATGAAGATGTTACTGAAATGAACGTCCTAGGGGCTGCATTTAG|CCAAGACCCAACAGTAACAGGAACAGACCTGATCCACGTGGCAGGAAAAAGAGGAACCTGAACCCCTCTGCAAGTATTCTCTTTCCTGACCAGCTGGGCTTGCCGCACTTT___CTCCTGGGACTCTAGGTGCTCCAGACGGTCTGTTCGGCCA	.	A00489:250:HLW5JDMXX:1:1121:24994:26146,A00489:250:HLW5JDMXX:1:1420:9444:25426,A00489:250:HLW5JDMXX:1:2135:26964:20447,A00489:250:HLW5JDMXX:1:2150:8477:10535,A00489:250:HLW5JDMXX:1:2302:13593:35180,A00489:250:HLW5JDMXX:1:2456:9805:10802,A00489:250:HLW5JDMXX:1:1151:13738:14325,A00489:250:HLW5JDMXX:1:1261:23430:12508,A00489:250:HLW5JDMXX:1:1317:26865:15702,A00489:250:HLW5JDMXX:1:1416:7563:7701,A00489:250:HLW5JDMXX:1:2264:5565:18364,A00489:250:HLW5JDMXX:1:2282:23891:6386,A00489:250:HLW5JDMXX:1:2316:28330:16548,A00489:250:HLW5JDMXX:1:2473:20591:27508
PDE3A	CRABP1	+/+	+/+	chr12:20551569	chr15:78343549	intron	CDS	translocation	0	1	2	2678	630	medium	.	.	|Lipocalin_/_cytosolic_fatty-acid_binding_protein_family(69%)	.	.	ENSG00000172572.7	ENSG00000166426.8	.	ENST00000299529.7	downstream	upstream	duplicates(3)	GGCCGTTCTTAGTTGGTGGAGCGATTTGTCTGGTTAATTCCGATAACGAACGAGACTCTGGCATGCTAACTAGTTACGCGACCCCCGAGC|TCTTGAAGGGGACGGCCCCAAA...CCGATGACGTGGTCTGCACCAGAATTTATGTCCGAGAGTGAAGGCAGCTG	.	A00489:250:HLW5JDMXX:1:2169:3676:2566,A00489:250:HLW5JDMXX:1:1149:7871:16783,A00489:250:HLW5JDMXX:1:1168:24523:21699,A00489:250:HLW5JDMXX:1:2164:25889:33896,A00489:250:HLW5JDMXX:1:2459:20826:5024,A00489:250:HLW5JDMXX:1:2459:21034:4601
TRAPPC10	NBEAP3	+/+	+/+	chr21:44092959	chr22:15837543	intron	intergenic	translocation	0	1	1	4	1	medium	.	.	.	.	.	ENSG00000160218.13	ENSG00000223875.2	.	ENST00000420638.2	downstream	upstream	.	CTCAGCCgCCTGAGTAGCTGGGATTACAGGCACCCGCCAACACGCCCAG|TGACACTGAATACTGC...GAAGATGCACGATTGCCATTCAG___CTGGTTGGTGGAGAATTTGAACTGGAG	.	A00489:250:HLW5JDMXX:1:2148:2519:24737,A00489:250:HLW5JDMXX:1:2359:28004:14888
IMMP2L	NPM1P14(53673),AC002463.1(41097)	-/-	./-	chr7:111487238	chr7:112575343	CDS/splice-site	intergenic	duplication	1	0	1	30	3	medium	out-of-frame	.	Signal_peptidase__peptidase_S26_(100%)|	.	.	ENSG00000184903.10	.	ENST00000405709.7	.	upstream	downstream	duplicates(1)	GGTCGCCTGTGTGGCAAGAGTAGAAGGAGCATCGATGCAG___CCTTCTTTG...GCCAGTCATCTGATGTGGTGCTTTTGAACCACTGGAAAGTGAGGAATTTT...AGTACACCGTGGTGACATTGTATCATTGGT|GCAGAATTCTAAGATAGACG...GTCCTCTGGTTATTCAATCAAATACTATCCAGGTgCTGCTATAAAGAG	VHRGDIVSLv|qnskid	A00489:250:HLW5JDMXX:1:1310:1334:11193,A00489:250:HLW5JDMXX:1:2310:2772:13745,A00489:250:HLW5JDMXX:1:2405:6714:14967
CATSPERB	TC2N	-/-	-/-	chr14:91780576	chr14:91785361	5'UTR/splice-site	CDS/splice-site	duplication	4	1	14	49	57	low	.	.	|C2_domain(100%)	.	.	ENSG00000133962.8	ENSG00000165929.13	ENST00000554560.5	ENST00000435962.7	upstream	downstream	duplicates(6),mismatches(1)	GGCATTTCTTGACCTTTACCCACTTACGCAAGGAGAAGGAAATCATAATGATGTCATGTGATCAAAGGAAACCATGGAAGGGTTCACGCTGATAGCTGATAGCTTTTACAGTGCTCATTCCTAACAGTGGATTTACTT|GTTTTTTCGTGAAGGTGGGAATGTTTAGCTCGGGAGAGTTGATTTATAAGAAAAAGACACGCTTACTGAAGGCCTCCAATGGAAGAGTCAAGTGGGGAGAG	.	A00489:250:HLW5JDMXX:1:1104:2871:13354,A00489:250:HLW5JDMXX:1:1210:5791:3756,A00489:250:HLW5JDMXX:1:1284:28375:27398,A00489:250:HLW5JDMXX:1:1284:30011:27946,A00489:250:HLW5JDMXX:1:2287:22381:3458,A00489:250:HLW5JDMXX:1:2468:15112:6308,A00489:250:HLW5JDMXX:1:1304:17752:13980,A00489:250:HLW5JDMXX:1:1110:8052:15468,A00489:250:HLW5JDMXX:1:1134:6253:9690,A00489:250:HLW5JDMXX:1:1188:18909:27320,A00489:250:HLW5JDMXX:1:1206:13566:5916,A00489:250:HLW5JDMXX:1:1213:26087:21465,A00489:250:HLW5JDMXX:1:1227:22878:18223,A00489:250:HLW5JDMXX:1:1277:13169:16344,A00489:250:HLW5JDMXX:1:1315:19126:8187,A00489:250:HLW5JDMXX:1:1367:2618:11475,A00489:250:HLW5JDMXX:1:1367:3224:13808,A00489:250:HLW5JDMXX:1:1401:10375:6277,A00489:250:HLW5JDMXX:1:2169:28592:27806,A00489:250:HLW5JDMXX:1:2226:21432:33473,A00489:250:HLW5JDMXX:1:2318:24921:27305,A00489:250:HLW5JDMXX:1:2327:18647:32033,A00489:250:HLW5JDMXX:1:2346:31711:7654,A00489:250:HLW5JDMXX:1:2386:6460:22200,A00489:250:HLW5JDMXX:1:2426:32479:26897,A00489:250:HLW5JDMXX:1:2478:14082:15922
BRWD1	MX1	-/-	+/-	chr21:39267765	chr21:41451728	intron	exon	duplication/5'-5'	0	0	6	19	7	low	.	.	WD_domain__G-beta_repeat(100%)|	.	.	ENSG00000185658.14	ENSG00000157601.15	.	.	upstream	downstream	duplicates(5),mismappers(4)	GAAGAAAGTTAACTTTTACACAATTAATTTCTATTGTTGAGTACTTAAGTGGTTTCTAAAATACGTATGACAATAACACT...|...CAAGTAGCTGGGATTACAGGCATGCACCACCACGTCCAGCTACTTTTTTGTATTTTTAGTAGAGATGGGGTTTTGCCATGcGGGCC...GGTCTCAAACTCCTGGCTTTAAGTCATCTACCGGCCTCAGCCTCCCAAAG	.	A00489:250:HLW5JDMXX:1:1104:30942:10300,A00489:250:HLW5JDMXX:1:1132:13467:33113,A00489:250:HLW5JDMXX:1:1187:1316:8406,A00489:250:HLW5JDMXX:1:1262:27507:11271,A00489:250:HLW5JDMXX:1:1382:6985:13933,A00489:250:HLW5JDMXX:1:1413:14705:15374,A00489:250:HLW5JDMXX:1:1470:31783:31610,A00489:250:HLW5JDMXX:1:2264:28049:17597,A00489:250:HLW5JDMXX:1:2264:28058:17675,A00489:250:HLW5JDMXX:1:2264:28845:16219,A00489:250:HLW5JDMXX:1:2365:22462:31344,A00489:250:HLW5JDMXX:1:2402:4942:32910,A00489:250:HLW5JDMXX:1:2402:5412:33442,A00489:250:HLW5JDMXX:1:2413:15031:8829,A00489:250:HLW5JDMXX:1:2420:8024:28040
RNF11	AL592182.1	+/+	-/+	chr1:51236874	chr1:50222423	CDS	intron	duplication/5'-5'	0	0	5	65	10	low	.	.	.	.	.	ENSG00000123091.5	ENSG00000233407.1	ENST00000242719.4	.	downstream	upstream	duplicates(1)	CCCCACCTCGGATGACATCTCCCTGCTTCACGAGTCTCAGTCCGACCGGGCTAGCTTTGGCGAGGGGACGGAGCCGGATCAGGAGCCGCCGCCGCCAT...|...AGGACTGGTAAGTGAAGGTAACAAAACAAAATTCGTGCTTGATTCAAG___GTGAGGACGTTCCCGGAGATTGAAGATGTGAC	.	A00489:250:HLW5JDMXX:1:1101:18249:11898,A00489:250:HLW5JDMXX:1:1221:13096:7576,A00489:250:HLW5JDMXX:1:1415:19443:19727,A00489:250:HLW5JDMXX:1:2249:14787:5400,A00489:250:HLW5JDMXX:1:2249:15121:5102,A00489:250:HLW5JDMXX:1:2418:17752:8625
SUDS3	KSR2	+/+	-/+	chr12:118403460	chr12:117926630	CDS	intron	duplication/5'-5'	0	0	4	38	7	low	.	.	Sds3-like(100%)|	.	.	ENSG00000111707.12	ENSG00000171435.14	ENST00000543473.2	.	downstream	upstream	duplicates(2)	GCTTAAGTCACCCAAGAGACCAG___CATCTCCATCCTCTCCTGAGCACTTGCCTGCAACACCCGCGGAATCTCC...|...GGAGAAAAATCACCCAGCAGCCACCAGCGGTGACAGCCCCAGATGGCCTTGTTCTTGGCAGAGACGGCCCAATGACCTTCACCACCCAC	.	A00489:250:HLW5JDMXX:1:1126:32533:27743,A00489:250:HLW5JDMXX:1:1307:2790:14465,A00489:250:HLW5JDMXX:1:1462:9498:25426,A00489:250:HLW5JDMXX:1:2166:11840:29387,A00489:250:HLW5JDMXX:1:2166:12328:29105,A00489:250:HLW5JDMXX:1:2247:12888:24439
RSRP1	TMEM50A	-/-	+/+	chr1:25267756	chr1:25343057	5'UTR	CDS	inversion	0	0	4	1	219	low	.	.	|Uncharacterised_protein_family_(UPF0220)(74%)	.	.	ENSG00000117616.18	ENSG00000183726.11	ENST00000568701.1	ENST00000374358.5	upstream	upstream	mismappers(1),multimappers(2)	CTGGGTTCACAGCTGGACGTCGGGAGTGCTAGTTTGGAGTACGCCATTTG...GTTGCTCTGTGTGCTGAGCGTTCTAAAGGAAGGCGTCCGTTGGCCTTCGT...|...ACCATAGCCTTCCTAAT___GATTAATGCAGTATCGAATGGACAAGTCCGAGG	.	A00489:250:HLW5JDMXX:1:1148:11198:19601,A00489:250:HLW5JDMXX:1:1148:11198:19601,A00489:250:HLW5JDMXX:1:1386:27832:23985,A00489:250:HLW5JDMXX:1:2209:13602:24236,A00489:250:HLW5JDMXX:1:2421:21088:32659,A00489:250:HLW5JDMXX:1:2451:20464:8625,A00489:250:HLW5JDMXX:1:2451:20464:8625
RSRP1	TMEM50A	-/-	+/+	chr1:25338069	chr1:25342961	5'UTR/splice-site	CDS/splice-site	inversion	0	0	0	6	254	low	.	.	|Uncharacterised_protein_family_(UPF0220)(100%)	.	.	ENSG00000117616.18	ENSG00000183726.11	ENST00000568996.1	ENST00000374358.5	upstream	upstream	low_entropy(1)	GGAAGGCGTCCGTTGGCCTTCGTACCCGTCTTGAGTGAG|TTTTTTACAGG...ACCATGAAAGATTTCAACCACTCATACCATGCCTGTGGTGTTATAGCAAC	.	A00489:250:HLW5JDMXX:1:2408:22073:16579
PARG	BMS1	-/-	+/+	chr10:49885215	chr10:42791651	CDS	CDS	inversion	0	0	3	17	23	low	.	.	Poly_(ADP-ribose)_glycohydrolase_(PARG)(86%)|40S_ribosome_biogenesis_protein_Tsr1_and_BMS1_C-terminal(100%),AARP2CN_(NUC121)_domain(100%)	.	.	ENSG00000227345.9	ENSG00000165733.8	ENST00000611974.4	ENST00000374518.6	upstream	upstream	duplicates(2)	CTCACAGTCTCTGGAATCATAAG___GTACTTGAAGAAGCAGAAGCTCAACAT...ATCAGTCCATCTTGCCTGATATGGTGAAAATTGCACTCTGTCTGCCAAAT...|...GGAATGGTGCATGGAGAATATCAAAACCAAGAAATCCACAATCTGGGCCGTTTTATTACAGTTATGAAGTTTAGGCtTCTCAC	.	A00489:250:HLW5JDMXX:1:1387:14163:18223,A00489:250:HLW5JDMXX:1:1406:2329:21746,A00489:250:HLW5JDMXX:1:2329:22535:27054,A00489:250:HLW5JDMXX:1:2329:22715:26741,A00489:250:HLW5JDMXX:1:2407:2148:16297
POLR3A	GNAI2P2(39603),AL731555.1(67787)	-/-	./-	chr10:78024511	chr10:78109141	intron	intergenic	duplication	0	0	3	2	2	low	.	.	RNA_polymerase_Rpb1__domain_1(100%)|	.	.	ENSG00000148606.13	.	ENST00000372371.8	.	upstream	downstream	duplicates(1)	GGAAGGGCACAGGTGAGCCTGAGAATGCACGCCTGCCTTCCGCCTGCCTC...|...TCCAGGACATCCCCTCATACTGGAGTCCCTCCTCAAGACTATTCCACCCAACAATGGCCTCTCCCTCCTGTAACTCCTCCAAAACTTTTTCAATGGGGAATTGTAGCTGGGTGGAGACTTTTGAAAAACAGACAGATCTGGG	.	A00489:250:HLW5JDMXX:1:1149:4218:33473,A00489:250:HLW5JDMXX:1:1213:30391:11506,A00489:250:HLW5JDMXX:1:2178:5909:4742,A00489:250:HLW5JDMXX:1:2370:8133:31203
UHRF1	KRT18P28	+/+	-/+	chr19:4911011	chr1:182960035	CDS	exon	translocation/5'-5'	0	0	3	26	4	low	.	.	.	.	.	ENSG00000276043.5	ENSG00000176855.11	ENST00000612630.4	.	downstream	upstream	.	AGGAGCTGAGGCGGAAGATCCAGGAGCTGTTCCACGTGGAGCCAGGCCTG...|...TGCTCTCCAGCTTCCGGTTCTTGGTCTCCAGGCTCCTCACTCTGTCCAGGTAGAAGGCCAGGTGGTGGTTCAGGCTTTGC	.	A00489:250:HLW5JDMXX:1:1479:5267:8328,A00489:250:HLW5JDMXX:1:2177:3522:26663,A00489:250:HLW5JDMXX:1:2320:17318:1611
ROPN1B	ALG1L	+/-	-/-	chr3:125970964	chr3:125933696	intron	CDS/splice-site	deletion/read-through/3'-3'	2	0	1	4	0	low	.	.	.	.	.	ENSG00000114547.10	ENSG00000189366.9	.	ENST00000611639.1	upstream	downstream	duplicates(1)	GTAGATGGCAGGAACTTGAAGCTTTGAGATAAATTGCTAGGCAGGGTGGATAGAGACCAAGGATTAGGCTCACAAAAGGCAAATGTCTGGACTAAAGGAC...AAAAGGTGTGGCTGAAAATATCTGCCTACAGGCTGGG|CTCAGAACCTGAG...CCTTCATGGAGCTGGATGCTGGGAGCAGGCTGGTGATGCATCTCCGCGAG	.	A00489:250:HLW5JDMXX:1:1309:7717:14857,A00489:250:HLW5JDMXX:1:2220:26106:22592,A00489:250:HLW5JDMXX:1:2220:26440:29872,A00489:250:HLW5JDMXX:1:2159:9579:30953
MYOF	ENTPD1-AS1	-/-	-/-	chr10:93431409	chr10:96067551	CDS	intron	duplication	0	0	2	6	1	low	.	.	C2_domain(100%)|	.	.	ENSG00000138119.17	ENSG00000226688.7	ENST00000359263.9	.	upstream	downstream	.	CTGAAGGACCTGACTGGTGACCAGAGCAGATCCCTGCCGTACAAGCTGATCTCCCTGCTAAATGAAAAAGGGCAAGATACTGG...|...CAGCCTCCATAGTAGCTgGAACTACAGACACGTACCACTACACCTGG	.	A00489:250:HLW5JDMXX:1:1162:25274:11350,A00489:250:HLW5JDMXX:1:2331:3965:18693
PTEN	ANTXRL	+/+	+/-	chr10:87894076	chr10:46300881	CDS	intron	inversion/3'-3'	0	0	2	19	1	low	.	.	.	.	.	ENSG00000171862.11	ENSG00000274209.5	ENST00000371953.8	.	downstream	downstream	duplicates(1),mismatches(1)	CCT___ATATTTATCCAAACATTATTGCTATGGGATTTCCTGCAGAAAGACTTGAAGG...|...GAAAATTTCAACAATAAAAGGGTGGAAGAAAAaCAAAGAACTAAATAAG	.	A00489:250:HLW5JDMXX:1:1171:18403:18521,A00489:250:HLW5JDMXX:1:1429:28049:18349,A00489:250:HLW5JDMXX:1:2209:10637:29246,A00489:250:HLW5JDMXX:1:2269:4779:8296
XPNPEP1	DUSP5-DT	-/-	-/-	chr10:109886247	chr10:110475203	CDS	exon	duplication	0	0	2	43	1	low	.	.	Creatinase/Prolidase_N-terminal_domain(99%)|	.	.	ENSG00000108039.18	ENSG00000273143.2	ENST00000322238.12	ENST00000666621.1	upstream	downstream	.	CTTCGGTTGAAAATGGCTGAGAGGAACGTCATGTGGTTTGTGGTCACTGCCTTGGATGAGATTGCG...|...ATTAATTAATTTGCTTAAGATAATGCAACATGAGAAAAGCAGATCAGGAC...AATAACATCACTACTAATTGTCTCTCTGCACCTCCTGGCTCATTTCTCTA	.	A00489:250:HLW5JDMXX:1:2305:10691:19319,A00489:250:HLW5JDMXX:1:2325:1081:30232
AC009318.1	CCDC91	-/-	+/+	chr12:29317555	chr12:28549042	intron	intron	inversion	0	0	2	4	16	low	.	.	.	.	.	ENSG00000257176.3	ENSG00000123106.10	.	ENST00000539107.5	upstream	upstream	.	CTTGCTGAATTCATCAACCTCTTTAACATTTACCTTCCTTTATTGTGCTG...|...CTCTTTAAAAAAATTAAACAGCTCGATCAAGTCATCCGCCAAAGAAGC...ACGGAACCAGTTGACATTGAATAAAAAGAACATGACAAACCCACACTGGC	.	A00489:250:HLW5JDMXX:1:2279:2275:2300,A00489:250:HLW5JDMXX:1:2402:23140:25629
COMMD10	AC094104.1(16254),TRIM36(20033)	+/+	./+	chr5:116158120	chr5:115104729	intron	intergenic	duplication	0	0	2	1	2	low	.	.	COMM_domain(100%)|	.	.	ENSG00000145781.9	.	.	.	downstream	upstream	.	CTCTCCAAGGCCTTCAAGCAGATGCCTGCCTGCCTGCAGATTCCTT...|...AAAAAGAATCCTTTCCCTACAGATTTCAGAGAGAATATGGCTTTGCTGAC	.	A00489:250:HLW5JDMXX:1:1402:23845:27101,A00489:250:HLW5JDMXX:1:2234:30083:25191
UGGT2	B3GLCT	-/-	+/+	chr13:95947037	chr13:31323775	CDS	CDS	inversion	0	0	2	2	12	low	.	.	Thioredoxin-like_domain(100%)|Fringe-like(89%)	.	.	ENSG00000102595.20	ENSG00000187676.8	ENST00000376747.8	ENST00000343307.5	upstream	upstream	.	GTTGCTCTCTGGCGAGCTTTCAACTATATTGCAGAAGAATTTGATATATCAGAAGCATTTATTTCTATAGTACAC...|...CAGGAGACTTCTCGCCAGTAAATGTCGATGCTACAGCAATGATGCTCCCGAT	.	A00489:250:HLW5JDMXX:1:1184:9082:11960,A00489:250:HLW5JDMXX:1:2427:2220:32268
BTBD9	TDRG1	-/-	+/-	chr6:38577599	chr6:40353491	CDS	intron	duplication/5'-5'	0	0	2	8	9	low	.	.	BTB/POZ_domain(100%),BTB_And_C-terminal_Kelch(100%),F5/8_type_C_domain(100%)|	.	.	ENSG00000183826.18	ENSG00000204091.8	ENST00000403056.2	.	upstream	downstream	duplicates(1),mismatches(1)	CTTACTCATACTTCATTGAAGTGTCAATGGATGAACTTGATTGGGTCAGAGTGAT...GTGTCGTTCTTGGCAGAAATTATATTTTCCAGCCCGTGTCTGCAGG...|...GCTGGGGCTCCTACACAGAGGCTCTATTTTCTGTTTGCAGTCTTCCAGGCCAGaTAA	.	A00489:250:HLW5JDMXX:1:1370:26115:29997,A00489:250:HLW5JDMXX:1:1431:20446:5682,A00489:250:HLW5JDMXX:1:2213:9851:36652,A00489:250:HLW5JDMXX:1:2405:17743:14841
MRAP2	CEP162	+/+	-/+	chr6:84095128	chr6:84139470	intergenic	intron	deletion/read-through/5'-5'	1	0	1	1	2	low	.	.	Melanocortin-2_receptor_accessory_protein_family(100%)|	.	.	ENSG00000135324.6	ENSG00000135315.12	ENST00000257776.5	.	downstream	upstream	.	ACTGAAGGCTCATAAAT___ATTCCATTGTGATTGGATTTTGGGTTGGTCTTG...CAAGGAGATGCTGTGCACACA|TGGCCTGTCCCAACAGGAACTCACATGGG...CAGATGAAATCCTAGCAAAACTGGCAGAAGCTGGTAAAAG	.	A00489:250:HLW5JDMXX:1:2163:30680:30044,A00489:250:HLW5JDMXX:1:1457:7057:2033
